{"mean":{"confidence_interval":{"confidence_level":0.99,"lower_bound":847096.8472966906,"upper_bound":862122.8950696675},"point_estimate":853527.585371597,"standard_error":2890.613943246537},"median":{"confidence_interval":{"confidence_level":0.99,"lower_bound":843535.1027397261,"upper_bound":854821.0882352941},"point_estimate":847175.0,"standard_error":2285.6135844941214},"median_abs_dev":{"confidence_interval":{"confidence_level":0.99,"lower_bound":10924.137054946705,"upper_bound":26093.960759717622},"point_estimate":17833.171162772942,"standard_error":2805.3641872070075},"slope":{"confidence_interval":{"confidence_level":0.99,"lower_bound":847973.8519118739,"upper_bound":867802.837585615},"point_estimate":856070.3658696616,"standard_error":3870.8089695197627},"std_dev":{"confidence_interval":{"confidence_level":0.99,"lower_bound":16132.33360467666,"upper_bound":47590.75036903503},"point_estimate":29065.126595554877,"standard_error":7796.620233925408}}