{"mean":{"confidence_interval":{"confidence_level":0.99,"lower_bound":141564.72313503962,"upper_bound":147486.5864278429},"point_estimate":144147.35271272407,"standard_error":1152.5309503368649},"median":{"confidence_interval":{"confidence_level":0.99,"lower_bound":139309.87086120402,"upper_bound":143938.01238390093},"point_estimate":142234.33277027027,"standard_error":779.7630769994129},"median_abs_dev":{"confidence_interval":{"confidence_level":0.99,"lower_bound":4204.627023398836,"upper_bound":7614.814269688067},"point_estimate":5788.739460827624,"standard_error":582.314394525874},"slope":{"confidence_interval":{"confidence_level":0.99,"lower_bound":140221.60810272812,"upper_bound":148107.63769550598},"point_estimate":143458.59117851336,"standard_error":1552.6585502403618},"std_dev":{"confidence_interval":{"confidence_level":0.99,"lower_bound":5525.97700202227,"upper_bound":17023.874606732705},"point_estimate":11571.701484739862,"standard_error":2344.8247677294166}}