{"mean":{"confidence_interval":{"confidence_level":0.99,"lower_bound":2003702.8291999989,"upper_bound":2024545.6128439994},"point_estimate":2013087.7656,"standard_error":4018.5378891799373},"median":{"confidence_interval":{"confidence_level":0.99,"lower_bound":1999060.84,"upper_bound":2009329.1600000001},"point_estimate":2003225.86,"standard_error":1604.6034489438496},"median_abs_dev":{"confidence_interval":{"confidence_level":0.99,"lower_bound":11931.252940177945,"upper_bound":23065.549090504646},"point_estimate":16703.949819445657,"standard_error":2067.847962720442},"slope":null,"std_dev":{"confidence_interval":{"confidence_level":0.99,"lower_bound":23012.324694831546,"upper_bound":54496.17235173253},"point_estimate":40249.10442265991,"standard_error":6115.74931569871}}