{"mean":{"confidence_interval":{"confidence_level":0.99,"lower_bound":2023214.412474,"upper_bound":2066003.5417239992},"point_estimate":2038013.2471999992,"standard_error":8613.413762489037},"median":{"confidence_interval":{"confidence_level":0.99,"lower_bound":2018420.0,"upper_bound":2028785.8399999999},"point_estimate":2024525.82,"standard_error":2415.604398537782},"median_abs_dev":{"confidence_interval":{"confidence_level":0.99,"lower_bound":11380.170529961682,"upper_bound":26102.52140606783},"point_estimate":16833.647665143206,"standard_error":2687.559830351042},"slope":null,"std_dev":{"confidence_interval":{"confidence_level":0.99,"lower_bound":22583.308452220786,"upper_bound":160758.85576437725},"point_estimate":86200.57038561096,"standard_error":37750.96104074806}}