{"mean":{"confidence_interval":{"confidence_level":0.99,"lower_bound":20553176.65523333,"upper_bound":20673273.769383337},"point_estimate":20609448.61,"standard_error":23041.405672815195},"median":{"confidence_interval":{"confidence_level":0.99,"lower_bound":20529902.666666668,"upper_bound":20637340.166666664},"point_estimate":20566506.833333332,"standard_error":19971.65622240578},"median_abs_dev":{"confidence_interval":{"confidence_level":0.99,"lower_bound":114582.49186575504,"upper_bound":220856.24637901783},"point_estimate":157979.18149530888,"standard_error":19757.474805976613},"slope":null,"std_dev":{"confidence_interval":{"confidence_level":0.99,"lower_bound":157894.86730880442,"upper_bound":299301.81503831997},"point_estimate":231183.58406801807,"standard_error":27946.862569130746}}