{"mean":{"confidence_interval":{"confidence_level":0.99,"lower_bound":20868313.781716667,"upper_bound":21025092.488149993},"point_estimate":20939629.150000002,"standard_error":30622.070056456236},"median":{"confidence_interval":{"confidence_level":0.99,"lower_bound":20809000.0,"upper_bound":20879208.333333332},"point_estimate":20838632.166666664,"standard_error":15317.5674758908},"median_abs_dev":{"confidence_interval":{"confidence_level":0.99,"lower_bound":69157.11127221676,"upper_bound":168429.5345097771},"point_estimate":106994.29810047058,"standard_error":17566.962007307222},"slope":null,"std_dev":{"confidence_interval":{"confidence_level":0.99,"lower_bound":178296.74317976777,"upper_bound":427236.2390522707},"point_estimate":306620.9836007446,"standard_error":50012.787460452666}}