{"mean":{"confidence_interval":{"confidence_level":0.99,"lower_bound":3129585.292594118,"upper_bound":3176608.6264705895},"point_estimate":3151833.6994117633,"standard_error":9130.16193120448},"median":{"confidence_interval":{"confidence_level":0.99,"lower_bound":3086291.6470588236,"upper_bound":3166584.529411765},"point_estimate":3095280.6470588236,"standard_error":13470.925827058505},"median_abs_dev":{"confidence_interval":{"confidence_level":0.99,"lower_bound":9902.110800673021,"upper_bound":114810.57969699916},"point_estimate":24412.05510777596,"standard_error":18856.726350933168},"slope":null,"std_dev":{"confidence_interval":{"confidence_level":0.99,"lower_bound":69838.9480005974,"upper_bound":112205.98722839289},"point_estimate":92117.29373553129,"standard_error":8300.558591584508}}