{"mean":{"confidence_interval":{"confidence_level":0.99,"lower_bound":10881091.95236,"upper_bound":10989367.829590008},"point_estimate":10929490.244,"standard_error":20999.861292514543},"median":{"confidence_interval":{"confidence_level":0.99,"lower_bound":10845600.0,"upper_bound":10891225.0},"point_estimate":10860616.7,"standard_error":6467.313489632897},"median_abs_dev":{"confidence_interval":{"confidence_level":0.99,"lower_bound":40283.427364825926,"upper_bound":108619.1288316272},"point_estimate":68366.39128625393,"standard_error":13273.92235748345},"slope":null,"std_dev":{"confidence_interval":{"confidence_level":0.99,"lower_bound":110655.45512504457,"upper_bound":291717.2031964473},"point_estimate":209746.8500855403,"standard_error":35347.449656404795}}