{"mean":{"confidence_interval":{"confidence_level":0.99,"lower_bound":11167485.57165,"upper_bound":11311861.1175},"point_estimate":11234865.71,"standard_error":28103.576354829816},"median":{"confidence_interval":{"confidence_level":0.99,"lower_bound":11089854.25,"upper_bound":11202177.25},"point_estimate":11142276.0,"standard_error":19304.683537268105},"median_abs_dev":{"confidence_interval":{"confidence_level":0.99,"lower_bound":104917.0739174746,"upper_bound":228999.83630269024},"point_estimate":179919.62253078818,"standard_error":25808.711600973485},"slope":null,"std_dev":{"confidence_interval":{"confidence_level":0.99,"lower_bound":198531.01797283217,"upper_bound":359211.59614624205},"point_estimate":283150.68718503177,"standard_error":31374.058683078852}}