{"mean":{"confidence_interval":{"confidence_level":0.99,"lower_bound":42059908.3699,"upper_bound":42837575.449325},"point_estimate":42394099.36,"standard_error":153202.24943401755},"median":{"confidence_interval":{"confidence_level":0.99,"lower_bound":41762000.0,"upper_bound":42068468.75},"point_estimate":41898708.25,"standard_error":57697.685631318505},"median_abs_dev":{"confidence_interval":{"confidence_level":0.99,"lower_bound":234435.58339543646,"upper_bound":600175.8673124996},"point_estimate":371916.50444716215,"standard_error":67266.1854578932},"slope":null,"std_dev":{"confidence_interval":{"confidence_level":0.99,"lower_bound":686839.1123720101,"upper_bound":2364274.336326903},"point_estimate":1541126.253779263,"standard_error":348599.3595841132}}