{"mean":{"confidence_interval":{"confidence_level":0.99,"lower_bound":42694142.4235,"upper_bound":43086334.985825},"point_estimate":42869621.705,"standard_error":76039.28547779778},"median":{"confidence_interval":{"confidence_level":0.99,"lower_bound":42605062.5,"upper_bound":42843791.5},"point_estimate":42694395.75,"standard_error":38297.79283791724},"median_abs_dev":{"confidence_interval":{"confidence_level":0.99,"lower_bound":250141.67300909758,"upper_bound":590014.6849211474},"point_estimate":400363.8914421201,"standard_error":65160.86539796981},"slope":null,"std_dev":{"confidence_interval":{"confidence_level":0.99,"lower_bound":429042.34455599484,"upper_bound":1141773.5333371088},"point_estimate":766083.4390456802,"standard_error":150575.4583935704}}