{"mean":{"confidence_interval":{"confidence_level":0.99,"lower_bound":74327.07554083671,"upper_bound":77426.54756615186},"point_estimate":75489.37479253397,"standard_error":612.6875220650335},"median":{"confidence_interval":{"confidence_level":0.99,"lower_bound":73492.16259398496,"upper_bound":74974.25699558173},"point_estimate":74061.01147959183,"standard_error":310.0886166908795},"median_abs_dev":{"confidence_interval":{"confidence_level":0.99,"lower_bound":1188.5671790897916,"upper_bound":2836.157918545196},"point_estimate":1886.9412881190528,"standard_error":324.98298532979953},"slope":{"confidence_interval":{"confidence_level":0.99,"lower_bound":74584.40196257673,"upper_bound":77713.42557802172},"point_estimate":75896.84098397686,"standard_error":610.761862027879},"std_dev":{"confidence_interval":{"confidence_level":0.99,"lower_bound":2031.3242865294983,"upper_bound":11076.548416231866},"point_estimate":6161.544888954495,"standard_error":2330.5824683584838}}