{"mean":{"confidence_interval":{"confidence_level":0.99,"lower_bound":2345937.9112181817,"upper_bound":2356876.9009090913},"point_estimate":2350999.602272728,"standard_error":2114.692756100732},"median":{"confidence_interval":{"confidence_level":0.99,"lower_bound":2336567.25,"upper_bound":2357534.090909091},"point_estimate":2355604.1363636362,"standard_error":2670.4892982607776},"median_abs_dev":{"confidence_interval":{"confidence_level":0.99,"lower_bound":7400.36407316276,"upper_bound":28942.995568477687},"point_estimate":16251.0815705766,"standard_error":5384.155397704625},"slope":null,"std_dev":{"confidence_interval":{"confidence_level":0.99,"lower_bound":13973.289918930725,"upper_bound":30408.18343329924},"point_estimate":21213.82272658139,"standard_error":3639.113372135766}}