{"mean":{"confidence_interval":{"confidence_level":0.99,"lower_bound":3139166.4546125,"upper_bound":3209299.465896875},"point_estimate":3164370.835,"standard_error":14028.096076050973},"median":{"confidence_interval":{"confidence_level":0.99,"lower_bound":3128655.983125,"upper_bound":3138104.125},"point_estimate":3132575.5625,"standard_error":1392.080736738448},"median_abs_dev":{"confidence_interval":{"confidence_level":0.99,"lower_bound":13567.365021631122,"upper_bound":31155.86549062282},"point_estimate":20725.54301954806,"standard_error":3082.797938750561},"slope":null,"std_dev":{"confidence_interval":{"confidence_level":0.99,"lower_bound":34881.787725804235,"upper_bound":258334.35743435254},"point_estimate":141033.60573779952,"standard_error":56949.98795444272}}