{"mean":{"confidence_interval":{"confidence_level":0.99,"lower_bound":10603363.729630003,"upper_bound":10670351.240000002},"point_estimate":10633207.501999998,"standard_error":12842.062198686846},"median":{"confidence_interval":{"confidence_level":0.99,"lower_bound":10585070.9,"upper_bound":10641650.0},"point_estimate":10619262.600000001,"standard_error":12572.207999095053},"median_abs_dev":{"confidence_interval":{"confidence_level":0.99,"lower_bound":59612.58508176534,"upper_bound":115988.86791538654},"point_estimate":88715.07592499256,"standard_error":11215.066729496742},"slope":null,"std_dev":{"confidence_interval":{"confidence_level":0.99,"lower_bound":75898.64037482598,"upper_bound":189959.0082847733},"point_estimate":129654.07882648596,"standard_error":24520.995056029464}}