{"mean":{"confidence_interval":{"confidence_level":0.99,"lower_bound":511731.22571810056,"upper_bound":517643.2079140592},"point_estimate":514359.0021656698,"standard_error":1148.8333571086},"median":{"confidence_interval":{"confidence_level":0.99,"lower_bound":511433.9769230769,"upper_bound":514097.5564997405},"point_estimate":512397.81583333336,"standard_error":486.6425999972619},"median_abs_dev":{"confidence_interval":{"confidence_level":0.99,"lower_bound":3199.028233905164,"upper_bound":6248.907616639418},"point_estimate":4451.898798031234,"standard_error":517.608577491306},"slope":{"confidence_interval":{"confidence_level":0.99,"lower_bound":511873.9389595623,"upper_bound":516229.77193189965},"point_estimate":513532.97601004876,"standard_error":844.5312397384012},"std_dev":{"confidence_interval":{"confidence_level":0.99,"lower_bound":5523.164097803869,"upper_bound":16584.40807658267},"point_estimate":11469.577313073583,"standard_error":2201.40662959976}}