{"mean":{"confidence_interval":{"confidence_level":0.99,"lower_bound":31420865.551625,"upper_bound":31705081.845675},"point_estimate":31552906.03,"standard_error":55151.89857033253},"median":{"confidence_interval":{"confidence_level":0.99,"lower_bound":31311875.0,"upper_bound":31529250.0},"point_estimate":31418208.5,"standard_error":43379.682796114685},"median_abs_dev":{"confidence_interval":{"confidence_level":0.99,"lower_bound":265910.51366664475,"upper_bound":523264.75756019354},"point_estimate":390216.9772222638,"standard_error":47406.9214038534},"slope":null,"std_dev":{"confidence_interval":{"confidence_level":0.99,"lower_bound":356660.2455813908,"upper_bound":742312.3477783389},"point_estimate":555157.9930743477,"standard_error":77288.61218372524}}