{"mean":{"confidence_interval":{"confidence_level":0.99,"lower_bound":5787793.41913889,"upper_bound":5825260.8560999995},"point_estimate":5804581.615555555,"standard_error":7260.483075563966},"median":{"confidence_interval":{"confidence_level":0.99,"lower_bound":5780532.333333333,"upper_bound":5810495.444444444},"point_estimate":5795523.166666666,"standard_error":5450.738930610919},"median_abs_dev":{"confidence_interval":{"confidence_level":0.99,"lower_bound":33221.35891020298,"upper_bound":62355.107326308964},"point_estimate":48579.20020421384,"standard_error":5666.935256511185},"slope":null,"std_dev":{"confidence_interval":{"confidence_level":0.99,"lower_bound":40902.425491882976,"upper_bound":107815.24218875999},"point_estimate":73149.7066475449,"standard_error":14424.280734740378}}