{"mean":{"confidence_interval":{"confidence_level":0.99,"lower_bound":2338805.360250001,"upper_bound":2353379.279436363},"point_estimate":2345186.4613636364,"standard_error":2860.25786566535},"median":{"confidence_interval":{"confidence_level":0.99,"lower_bound":2334596.590909091,"upper_bound":2336536.0},"point_estimate":2335375.9545454546,"standard_error":382.9794642736611},"median_abs_dev":{"confidence_interval":{"confidence_level":0.99,"lower_bound":2054.074872623508,"upper_bound":5763.304138589926},"point_estimate":3473.428479243346,"standard_error":705.8538472770339},"slope":null,"std_dev":{"confidence_interval":{"confidence_level":0.99,"lower_bound":13840.235763925639,"upper_bound":41443.88317428401},"point_estimate":28812.320828336615,"standard_error":5469.947511601299}}