{"mean":{"confidence_interval":{"confidence_level":0.99,"lower_bound":2395871.3767714286,"upper_bound":2474012.936514286},"point_estimate":2423553.5714285714,"standard_error":15692.286665089803},"median":{"confidence_interval":{"confidence_level":0.99,"lower_bound":2363567.476190476,"upper_bound":2432029.761904762},"point_estimate":2399229.166666667,"standard_error":12950.377606064612},"median_abs_dev":{"confidence_interval":{"confidence_level":0.99,"lower_bound":31324.33694388154,"upper_bound":95064.3456122708},"point_estimate":69146.80367239934,"standard_error":9202.165996151396},"slope":null,"std_dev":{"confidence_interval":{"confidence_level":0.99,"lower_bound":49248.4199487079,"upper_bound":294188.30736166605},"point_estimate":158047.82219708708,"standard_error":68286.06827948499}}