{"mean":{"confidence_interval":{"confidence_level":0.99,"lower_bound":5984805.744572226,"upper_bound":6182343.100422222},"point_estimate":6067987.545555556,"standard_error":38888.13743791256},"median":{"confidence_interval":{"confidence_level":0.99,"lower_bound":5939023.222222222,"upper_bound":5974310.111111111},"point_estimate":5954544.0,"standard_error":7074.258126453483},"median_abs_dev":{"confidence_interval":{"confidence_level":0.99,"lower_bound":35778.02019814658,"upper_bound":83808.08184544276},"point_estimate":54598.8031973443,"standard_error":9823.246928149778},"slope":null,"std_dev":{"confidence_interval":{"confidence_level":0.99,"lower_bound":126423.44012472351,"upper_bound":604419.818410392},"point_estimate":390922.11727695237,"standard_error":92368.07404933454}}