{"mean":{"confidence_interval":{"confidence_level":0.99,"lower_bound":21509568.37035,"upper_bound":21740693.56669999},"point_estimate":21604889.73333333,"standard_error":45108.15808048807},"median":{"confidence_interval":{"confidence_level":0.99,"lower_bound":21437222.333333332,"upper_bound":21569333.333333332},"point_estimate":21497104.166666664,"standard_error":17869.970842569335},"median_abs_dev":{"confidence_interval":{"confidence_level":0.99,"lower_bound":131910.2765116254,"upper_bound":272294.06406581495},"point_estimate":193191.1779701728,"standard_error":27595.54322474764},"slope":null,"std_dev":{"confidence_interval":{"confidence_level":0.99,"lower_bound":207808.49654007916,"upper_bound":759044.7528414519},"point_estimate":454252.61963586655,"standard_error":133268.66212107672}}